{
  "project_info": {
    "project_number": "1036054287646",
    "project_id": "autenticacao2-2ec2d",
    "storage_bucket": "autenticacao2-2ec2d.firebasestorage.app"
  },
  "client": [
    {
      "client_info": {
        "mobilesdk_app_id": "1:1036054287646:android:a636182aa79309586f650f",
        "android_client_info": {
          "package_name": "com.example.autenticacao2"
        }
      },
      "oauth_client": [],
      "api_key": [
        {
          "current_key": "AIzaSyDHg8ycDQk0HX2uFJrV498y3-hGJj3lHBQ"
        }
      ],
      "services": {
        "appinvite_service": {
          "other_platform_oauth_client": []
        }
      }
    }
  ],
  "configuration_version": "1"
}